id,group,price,company,date,tag,ser_id,discount,Name,Positive,Negative,Rating,Current,24h Peak,All-Time Peak
10,58,9.99,Valve,2000,1774,0,1.0,Counter-Strike,"133,134","3,541",0.9606,"6,299","14,655","319,586"
50,70,4.99,Valve,1999,4667,6,1.0,Half-Life: Opposing Force,"5,670",314,0.9148999999999999,85,171,254
70,51,9.99,Valve,1998,4667,6,1.0,Half-Life,"30,813","1,167",0.9431,461,933,"2,167"
130,8,4.99,Valve,2001,4667,6,1.0,Half-Life: Blue Shift,"4,168",461,0.8689,44,113,174
220,8,9.99,Valve,2004,4667,6,1.0,Half-Life 2,"72,913","2,488",0.9511,790,"1,502","12,953"
240,8,9.99,Valve,2004,1774,0,1.0,Counter-Strike: Source,"85,237","3,742",0.9431,"2,710","6,138","100,056"
280,58,9.99,Valve,2004,4667,6,1.0,Half-Life: Source,"4,135","1,120",0.7651,75,153,452
320,54,4.99,Valve,2004,4667,6,1.0,Half-Life 2: Deathmatch,"6,361",809,0.8604,113,255,"2,702"
340,8,0.0,Valve,2005,4667,6,0.0,Half-Life 2: Lost Coast,"6,035","1,045",0.828,14,38,180
360,40,9.99,Valve,2006,4667,6,1.0,Half-Life Deathmatch: Source,"1,476",489,0.7254999999999999,13,27,79
380,51,7.99,Valve,2006,4667,6,1.0,Half-Life 2: Episode One,"8,403",536,0.9116,119,245,792
420,8,7.99,Valve,2007,4667,6,1.0,Half-Life 2: Episode Two,"14,571",703,0.929,147,301,"1,308"
550,80,9.99,Valve,2009,3978,0,1.0,Left 4 Dead 2,"273,711","8,878",0.9579000000000001,"10,171","17,645","162,399"
630,73,0.0,Valve,2010,1755,0,0.0,Alien Swarm,"17,745",967,0.9251,35,76,"60,467"
730,8,0.0,Valve,2012,1774,0,0.0,Counter-Strike: Global Offensive,"2,829,388","424,485",0.8654999999999999,"339,976","557,663","854,801"
730,8,0.0,Valve,2012,1678,0,0.0,Counter-Strike: Global Offensive,"2,829,388","424,485",0.8654999999999999,"339,976","557,663","854,801"
3590,8,4.99,"PopCap Games, Inc.",2009,1645,0,1.0,Plants vs. Zombies: Game of the Year,"17,556",534,0.9459000000000001,"1,251","1,653","6,208"
3900,35,7.49,2K,2005,9,1,0.0,Sid Meier's Civilization IV,"1,461",137,0.8693000000000001,332,589,"2,314"
3910,22,4.99,2K,2001,9,1,0.0,Sid Meier's Civilization III: Complete,"2,703",412,0.8351000000000001,611,"1,077","4,600"
4570,31,12.99,SEGA,2006,4345,0,0.0,"Warhammer 40,000: Dawn of War - Game of the Year Edition","3,651",212,0.9081,120,234,"3,241"
7000,77,6.99,Square Enix,2006,4667,4,1.0,Tomb Raider: Legend,"1,750",255,0.835,14,50,287
7520,29,19.99,"Topware Interactive, ACE",2011,4604,0,0.0,Two Worlds II,"3,150","2,080",0.5945,134,426,"4,812"
8000,79,8.99,Square Enix,2007,4667,4,1.0,Tomb Raider: Anniversary,"2,099",404,0.8065000000000001,26,68,461
8140,67,8.99,Square Enix,2008,4667,4,1.0,Tomb Raider: Underworld,"1,916",624,0.7303000000000001,26,55,415
8800,60,7.49,2K,2007,9,1,0.0,Sid Meier's Civilization IV: Beyond the Sword,"1,502",71,0.9053,730,"1,266","2,475"
8930,8,29.99,2K,2010,9,1,0.0,Sid Meier's Civilization V,"134,449","5,671",0.9466,"13,770","23,631","91,363"
10090,8,19.99,Activision,2008,1678,0,0.0,Call of Duty: World at War,"20,884","1,541",0.9101,613,"1,025","4,825"
12100,12,9.99,Rockstar Games,2002,699,3,1.0,Grand Theft Auto III,"5,095",795,0.8382999999999999,83,176,640
12110,36,9.99,Rockstar Games,2003,699,3,1.0,Grand Theft Auto: Vice City,"10,748",862,0.9003,181,409,814
12120,85,14.99,Rockstar Games,2005,699,3,0.0,Grand Theft Auto: San Andreas,"30,366","3,387",0.8823000000000001,839,"1,981","2,443"
12170,24,0.0,Rockstar Games,1998,699,3,0.0,Grand Theft Auto,207,33,0.7929999999999999,1,4,123
12180,1,0.0,Rockstar Games,1999,699,3,0.0,Grand Theft Auto 2,202,17,0.8391,,,
15100,8,19.99,Ubisoft,2008,4667,2,0.0,Assassin's Creed,"5,963","1,215",0.8079000000000001,40,119,"1,468"
17570,70,0.0,Octoshark Studios,2010,1681,0,0.0,"Pirates, Vikings, & Knights II","3,965",603,0.8389,14,57,878
20900,8,9.99,CD PROJEKT RED,2008,4604,0,1.0,The Witcher: Enhanced Edition,"28,358","4,411",0.8493999999999999,696,"1,616","8,338"
20920,55,19.99,CD PROJEKT RED,2011,4604,0,0.0,The Witcher 2: Assassins of Kings Enhanced Edition,"38,471","4,867",0.8721,598,"1,321","12,884"
21690,13,19.99,Capcom,2009,3978,7,1.0,Resident Evil 5 / Biohazard 5,"10,205","1,717",0.8349,228,462,"2,585"
22490,39,6.99,Bethesda Softworks,2010,1774,0,0.0,Fallout: New Vegas RU,"3,261",588,0.8183,425,923,"3,777"
32360,24,9.99,LucasArts,2009,1681,0,1.0,The Secret of Monkey Island: Special Edition,"2,251",121,0.9057,28,82,746
32460,4,9.99,LucasArts,2010,1681,0,1.0,Monkey Island 2: Special Edition,"1,251",66,0.8981,14,37,"1,813"
33230,8,19.99,Ubisoft,2010,4667,2,0.0,Assassin's Creed II,"15,558","2,696",0.8339,439,649,"3,617"
33930,54,19.99,Bohemia Interactive,2010,1678,0,1.0,Arma 2: Operation Arrowhead,"18,075","1,526",0.9006000000000001,368,"1,021","19,175"
40390,70,9.99,Deep Silver,2012,1681,0,1.0,Risen 2 - Dark Waters,"3,103",904,0.7518,35,122,"10,867"
42700,37,39.99,Activision,2010,1774,0,0.0,Call of Duty: Black Ops,"15,006","1,997",0.8622,203,557,"63,343"
48190,8,19.99,Ubisoft,2011,4667,2,0.0,Assassin's Creed Brotherhood,"7,008",963,0.8538,160,319,"3,848"
55140,8,19.99,THQ Nordic,2010,123332,0,0.0,MX vs. ATV Reflex,"1,657",367,0.7865000000000001,20,48,429
65800,54,14.99,Trendy Entertainment,2011,1645,0,0.0,Dungeon Defenders,"11,001",942,0.8962,148,353,"21,862"
70620,8,9.99,Team17 Digital Ltd,2011,7038,0,1.0,Worms Crazy Golf,413,90,0.7717,,,
91700,5,9.99,Streum On Studio,2011,4115,0,1.0,E.Y.E: Divine Cybermancy,"4,645",918,0.81,15,48,"2,481"
99910,8,0.0,"Grey Havens, LLC",2011,1681,0,0.0,Puzzle Pirates,991,250,0.7636,34,64,949
105600,8,9.99,Re-Logic,2011,3964,0,1.0,Terraria,"289,493","8,213",0.9618000000000001,"21,860","31,505","159,175"
201790,63,14.99,Robot Entertainment,2012,1645,0,0.0,Orcs Must Die! 2,"13,678",704,0.9258,70,183,"16,119"
201870,70,19.99,Ubisoft,2011,4667,2,0.0,Assassin's Creed Revelations,"6,080","1,105",0.8223,103,180,"3,105"
203160,52,19.99,Square Enix,2013,4667,4,0.0,Tomb Raider,"97,398","4,226",0.9442,902,"1,560","29,244"
204530,28,14.99,Rocket Bear Games,2014,1645,0,0.0,Infested Planet,"2,043",128,0.8974,10,20,"1,280"
208480,8,0.0,Ubisoft,2012,4667,2,0.0,Assassin's Creed® III,"9,553","3,222",0.7334,60,113,"15,007"
209100,48,29.99,Capcom Co. Ltd,2012,3978,7,0.0,Resident Evil™: Operation Raccoon City,"1,238","1,163",0.5141,8,17,"1,056"
211260,8,9.99,Spooky Squid Games Inc.,2012,4345,0,1.0,They Bleed Pixels,"1,993",336,0.8212999999999999,1,6,570
218230,24,0.0,Daybreak Game Company,2012,1678,0,0.0,PlanetSide 2,"37,314","8,085",0.8092,860,"1,668","29,676"
221040,47,29.99,Capcom,2013,3978,7,1.0,Resident Evil 6 / Biohazard 6,"15,611","4,132",0.7759,367,648,"11,879"
222480,19,29.99,Capcom,2013,3978,7,1.0,Resident Evil Revelations / Biohazard Revelations,"5,194","1,006",0.8134,74,125,"2,095"
223470,20,0.99,Running With Scissors,2003,4667,0,1.0,POSTAL 2,"38,415","1,937",0.9334,197,349,"4,636"
224960,28,6.99,Square Enix,2012,4667,4,1.0,Tomb Raider I,"1,796",385,0.7915000000000001,15,41,208
224980,58,6.99,Square Enix,2012,4667,4,1.0,Tomb Raider: The Last Revelation,445,66,0.8140999999999999,7,30,79
225000,70,6.99,Square Enix,2012,4667,4,0.0,Tomb Raider: Chronicles,241,78,0.7105,3,9,47
225020,8,6.99,Square Enix,2012,4667,4,1.0,Tomb Raider (VI): The Angel of Darkness,365,273,0.5618,2,15,52
225300,50,6.99,Square Enix,2012,4667,4,1.0,Tomb Raider II,857,119,0.8305,11,37,100
225320,9,6.99,Square Enix,2012,4667,4,1.0,Tomb Raider III: Adventures of Lara Croft,487,103,0.7778,12,28,66
227940,27,0.0,RETO MOTO,2016,1678,0,0.0,Heroes & Generals,"67,899","35,369",0.6526000000000001,"1,979","3,691","21,026"
228300,58,29.99,Capcom,2013,4115,0,1.0,Remember Me,"9,385","1,878",0.8131999999999999,30,64,"3,117"
233410,28,1.99,Geoff Keighley,2013,4667,4,1.0,Final Hours of Tomb Raider,97,11,0.8012,,,
240600,8,9.99,Plug In Digital,2013,123332,0,1.0,MotoGP™13,424,166,0.6866,6,14,255
242050,8,19.99,Ubisoft,2013,1681,0,1.0,Assassin's Creed IV Black Flag,"24,808","3,421",0.8615,834,"1,331","16,049"
242050,8,19.99,Ubisoft,2013,4667,2,1.0,Assassin's Creed IV Black Flag,"24,808","3,421",0.8615,834,"1,331","16,049"
243450,58,6.99,Tate Multimedia,2013,123332,0,1.0,Urban Trial Freestyle,"1,215",274,0.7809999999999999,2,4,310
246420,0,9.99,Ironhide Game Studio,2014,1645,0,1.0,Kingdom Rush,"5,328",186,0.9314,45,96,"2,022"
250520,67,14.99,Stygian Software,2015,4115,0,0.0,Underrail,"1,570",272,0.8157,37,83,952
251430,70,14.99,Headup,2013,6815,0,0.0,The Inner World,592,52,0.8595,2,9,98
252330,8,9.99,Blue Isle Studios,2013,3978,0,1.0,Slender: The Arrival,"4,632",594,0.857,,,
254700,54,19.99,Capcom,2014,3978,7,1.0,resident evil 4 / biohazard 4,"12,353","2,265",0.8258,218,419,"2,447"
255520,78,0.0,Devolver Digital,2013,4345,0,0.0,Viscera Cleanup Detail: Shadow Warrior,"2,556",622,0.7774,7,14,"1,164"
256370,8,3.99,Plug In Digital,2014,198913,0,1.0,MXGP - The Official Motocross Videogame,660,186,0.7433,3,10,639
260210,8,19.99,Ubisoft,2014,4667,2,1.0,Assassin's Creed Liberation,958,711,0.5661,7,15,"1,174"
261980,8,0.0,Creashock studios,2009,4667,6,0.0,Half-Life: Before,882,"1,446",0.3906,2,2,331
265300,37,4.49,CI Games,2014,4604,0,0.0,Lords Of The Fallen,"7,660","5,139",0.5928,31,86,"8,024"
268870,66,29.99,5 Lives Studios,2015,4115,0,0.0,Satellite Reign,"2,767","1,230",0.6764,22,54,"7,251"
271590,70,29.99,Rockstar Games,2015,699,3,1.0,Grand Theft Auto V,"375,141","142,119",0.721,"74,448","118,834","364,548"
272890,70,9.99,Fellow Traveller,2014,7038,0,1.0,Vertiginous Golf,597,413,0.5797,,,
277430,8,2.99,Xbox Game Studios,2014,1755,0,1.0,Halo: Spartan Assault,"2,853",700,0.7770999999999999,6,12,680
277590,70,14.99,Ubisoft,2014,4667,2,1.0,Assassin's Creed Freedom Cry,871,307,0.7109000000000001,5,14,447
281990,8,9.99,Paradox Interactive,2016,1755,0,0.0,Stellaris,"42,610","10,412",0.7920999999999999,"7,536","13,171","68,602"
282800,8,6.99,Fruitbat Factory,2013,4726,0,1.0,100% Orange Juice,"11,952",843,0.9089,191,316,"1,105"
283040,41,9.99,Agent Mega,2014,1770,0,1.0,Paper Dungeons,38,38,0.5,,,
286160,58,19.99,Berserk Games,2015,1770,0,0.0,Tabletop Simulator,"16,544",845,0.9275,"1,198","3,298","4,915"
287290,57,5.99,"CAPCOM Co., Ltd.",2015,3978,7,1.0,Resident Evil Revelations 2 / Biohazard Revelations 2,"9,651","2,880",0.7544,104,184,"3,686"
289650,8,29.99,Ubisoft,2014,4667,2,1.0,Assassin's Creed Unity,"12,927","7,524",0.6254,437,719,"12,180"
290930,8,0.0,Filip Victor,2015,4667,6,0.0,Half-Life 2: Update,"2,783",269,0.8751000000000001,18,57,"3,175"
291480,8,0.0,MY.GAMES,2014,1678,0,0.0,Warface,"34,125","15,017",0.6869,"1,854","3,330","13,867"
296200,8,0.0,Sytexis,2014,5611,0,0.0,,,,,,,
296490,28,9.99,Armor Games Studios,2015,1645,0,1.0,GemCraft - Chasing Shadows,"2,414",90,0.9201,85,186,"1,601"
298630,8,17.99,Team17 Digital Ltd,2015,3964,0,0.0,The Escapists,"11,788","1,440",0.8687,53,144,"3,354"
299500,34,12.99,Big Head Games Ltd,2013,17927,0,0.0,International Snooker,275,183,0.5846,6,16,79
300380,70,7.99,Tripwire Interactive,2017,4667,0,0.0,Road Redemption,"5,105","1,129",0.7959,118,229,806
304240,75,19.99,"CAPCOM Co., Ltd.",2015,3978,7,1.0,Resident Evil / biohazard HD REMASTER,"6,603",669,0.8798999999999999,66,130,"4,388"
306020,8,9.99,Ninja Kiwi,2014,1645,0,1.0,Bloons TD5,"4,183",355,0.8883,159,345,"1,660"
311560,28,19.99,Ubisoft,2015,4667,2,1.0,Assassin's Creed Rogue,"4,586","1,046",0.7909,148,298,"2,371"
312280,8,0.0,BlueLine Games,2015,1770,0,0.0,Simply Chess,"1,579",497,0.7345,18,33,596
314340,45,5.99,Ludeme Games,2014,1770,0,0.0,Chess 2: The Sequel,50,46,0.5156000000000001,,,
319510,2,4.99,Scott Cawthon,2014,3978,5,1.0,Five Nights at Freddy's,"16,030","2,200",0.8595,32,70,"1,316"
331600,41,39.99,BANDAI NAMCO Entertainment,2015,1681,0,0.0,ONE PIECE PIRATE WARRIORS 3,"4,703","1,014",0.7988,83,176,"4,274"
332800,83,7.99,Scott Cawthon,2014,3978,5,1.0,Five Nights at Freddy's 2,"8,046",853,0.878,8,32,"1,725"
334940,8,19.99,Team17 Digital Ltd,2018,6815,0,1.0,Yoku's Island Express,651,20,0.9039,2,13,94
335620,23,10.04,Trese Brothers,2018,1755,0,0.0,Star Traders: Frontiers,"1,448",181,0.8469,47,101,"1,111"
336150,67,14.99,Celeris,2015,17927,0,0.0,Virtual Pool 4,173,45,0.7356,18,39,72
339340,76,19.99,"CAPCOM Co., Ltd.",2016,3978,7,1.0,Resident Evil 0 / biohazard 0 HD REMASTER,"2,329",409,0.8183,32,64,"3,128"
339610,23,0.0,Joycity,2015,1746,0,0.0,FreeStyle 2: Street Basketball,"6,075","2,286",0.7116,730,"1,047","10,356"
343780,8,6.99,0,2015,4726,0,1.0,Cat Goes Fishing,"2,011",192,0.8722,29,47,365
343990,8,0.0,Viva Media,2015,1770,0,0.0,Anti-Opoly,16,26,0.4193,,,
345660,8,19.99,Milestone S.r.l.,2015,123332,0,1.0,RIDE: Game,"1,112",373,0.7212000000000001,9,18,598
345660,8,19.99,Milestone S.r.l.,2015,198913,0,1.0,RIDE: Game,"1,112",373,0.7212000000000001,9,18,598
346470,28,24.99,Mana Games,2013,5914,0,0.0,Tennis Elbow 2013,341,33,0.8426,28,76,143
354140,14,7.99,Scott Cawthon,2015,3978,5,1.0,Five Nights at Freddy's 3,"4,928",683,0.8501000000000001,3,16,"3,212"
354200,70,0.0,Jarbit,2015,3964,0,0.0,Aberoth,773,482,0.6024,14,29,265
356310,48,0.0,SNK CORPORATION,2015,1645,0,0.0,METAL SLUG DEFENSE,764,739,0.5074000000000001,3,13,413
359220,8,9.99,THQ Nordic,2006,198913,0,0.0,MX vs. ATV Unleashed,191,92,0.643,1,4,24
359550,8,19.99,Ubisoft,2015,1774,0,1.0,Tom Clancy's Rainbow Six Siege,"306,220","62,591",0.8233,"65,412","113,425","178,953"
360430,8,39.99,2K,2016,1774,0,0.0,Mafia III,"14,110","13,942",0.5029,449,"1,043","47,822"
362490,18,14.99,Bare Mettle Entertainment,2015,4604,0,0.0,Exanima,"3,108",857,0.7604000000000001,40,64,403
362830,8,9.99,rokapublish,2015,7038,0,0.0,3D Mini Golf,22,33,0.42979999999999996,1,2,7
365020,82,0.49,Andrii Vintsevych,2015,3978,0,1.0,Gynophobia,363,183,0.6401,,,
368500,54,39.99,Ubisoft,2015,4667,2,1.0,Assassin's Creed Syndicate,"7,681","2,470",0.7406999999999999,492,841,"4,729"
378540,8,29.99,Focus Home Interactive,2017,4115,0,0.0,The Surge,"3,557","1,156",0.7348,71,173,"5,978"
381210,44,19.99,Behaviour Digital Inc.,2016,3978,0,1.0,Dead by Daylight,"166,645","47,993",0.7695000000000001,"13,935","25,746","75,655"
381210,44,19.99,Behaviour Digital Inc.,2016,4345,0,1.0,Dead by Daylight,"166,645","47,993",0.7695000000000001,"13,935","25,746","75,655"
381590,8,2.99,ASBO Interactive,2015,123332,0,0.0,Shred! Downhill Mountain Biking,42,37,0.5232,,,
383120,8,9.99,Eleon Game Studios,2015,1755,0,0.0,Empyrion - Galactic Survival,"12,000","3,010",0.7829,"1,598","3,074","7,118"
384680,70,3.99,Mango Protocol,2015,6815,0,1.0,MechaNika,468,35,0.8643000000000001,,,
385760,28,59.99,2K,2016,1746,0,0.0,NBA 2K17,"4,393","3,945",0.5251,302,530,"14,905"
388090,53,7.99,Scott Cawthon,2015,3978,5,1.0,Five Nights at Freddy's 4,"6,372",515,0.8955,6,16,"1,675"
388410,30,29.99,THQ Nordic,2015,4345,0,0.0,Darksiders II Deathinitive Edition,"6,333","2,112",0.7334999999999999,132,309,"2,927"
390030,8,14.99,Adult Swim Games,2017,4115,0,0.0,DESYNC,292,77,0.7422,,,
392110,8,13.59,SEGA,2017,1755,0,0.0,Endless Space 2,"9,058","2,122",0.7915000000000001,590,"1,132","53,435"
393190,3,13.99,OhNoo Studio,2018,6815,0,0.0,TSIOQUE,570,10,0.9117000000000001,2,5,58
394360,28,39.99,Paradox Interactive,2016,1678,0,0.0,Hearts of Iron IV,"43,742","5,681",0.8702,"10,345","21,906","46,806"
397900,8,0.0,8Floor,2017,1770,0,0.0,Business Tour - Online Multiplayer Board Game,"13,454","6,209",0.6748000000000001,328,"2,320","7,707"
400630,8,14.99,SOEDESCO Publishing,2016,4726,0,0.0,Wuppo,"1,863",99,0.9037000000000001,24,38,398
400630,8,14.99,SOEDESCO Publishing,2016,6815,0,0.0,Wuppo,"1,863",99,0.9037000000000001,24,38,398
400800,42,19.99,Milestone S.r.l.,2016,198913,0,0.0,MXGP2 - The Official Motocross Videogame,285,118,0.6731999999999999,3,18,437
401680,39,1.43,Running With Scissors,2016,4667,0,1.0,POSTAL Redux,"1,240",132,0.8579000000000001,3,17,628
404410,7,0.0,Michael Zahniser,2015,1755,0,0.0,Endless Sky,"3,576",372,0.8722,58,91,"3,035"
405500,8,19.99,Team17 Digital Ltd,2016,7038,0,0.0,Dangerous Golf,261,312,0.4621,,,
406970,24,14.99,ComonGames,2016,4115,0,0.0,The Uncertain: Last Quiet Day,"1,077",264,0.7685,,,
414340,11,29.99,Ninja Theory,2017,4604,0,0.0,Hellblade: Senua's Sacrifice,"22,459","2,013",0.8978,114,329,"5,653"
416000,8,13.99,Tropical Puppy,2017,3964,0,0.0,Fantasy Farming: Orange Season,105,6,0.8382,6,20,30
417750,38,2.09,Volumetric Games,2016,3978,0,0.0,Left Alone,245,74,0.7208,1,1,75
418370,70,29.99,"CAPCOM Co., Ltd.",2017,3978,7,1.0,RESIDENT EVIL 7 biohazard / BIOHAZARD 7 resident evil,"19,950","1,773",0.8976999999999999,215,344,"20,449"
431240,68,5.99,Team17 Digital Ltd,2016,7038,0,1.0,Golf With Your Friends,"18,439","1,875",0.8870999999999999,291,874,"2,499"
431730,8,14.99,Igara Studio,2016,3964,0,0.0,,,,,,,
434460,8,14.99,SEGA,2017,1645,0,0.0,Rock of Ages 2,"1,552",352,0.7827,12,40,"2,273"
438740,26,19.99,Gun Media,2017,4345,0,1.0,Friday the 13th: The Game,"27,182","9,586",0.7292000000000001,"1,099","2,681","16,096"
447530,25,14.99,Ysbryd Games,2016,4115,0,0.0,VA-11 Hall-A: Cyberpunk Bartender Action,"14,409",323,0.9515,292,565,"1,574"
452570,8,19.99,Adult Swim Games,2017,6815,0,1.0,Battle Chef Brigade,"1,161",39,0.9122,13,23,535
454140,8,24.99,Mikori Games,2019,5914,0,0.0,First Person Tennis - The Real Tennis Simulator,147,12,0.8323999999999999,1,6,11
458710,8,9.99,Ironhide Game Studio,2016,1645,0,1.0,Kingdom Rush Frontiers,"2,696",114,0.9174,75,101,981
458830,8,3.99,Cherry Pop Games,2016,17927,0,0.0,Snooker Nation Championship,121,85,0.5698,1,8,107
460950,12,14.99,Devolver Digital,2019,4115,0,0.0,Katana ZERO,"8,398",156,0.9501999999999999,225,429,"1,575"
462200,41,3.99,EfimovMax,2017,3964,0,1.0,Dungetris,418,112,0.745,3,6,"1,560"
463350,59,0.49,0,2016,5611,0,0.0,Storm of Spears,338,122,0.6977,,,
466270,8,0.0,Michael Pelletier,2016,4667,6,0.0,Half-Life: A Place in the West,540,67,0.833,,,
470220,51,9.99,Ubisoft Entertainment,2016,1770,0,1.0,UNO,"6,847","2,523",0.716,327,907,"2,309"
485510,62,49.99,"KOEI TECMO GAMES CO., LTD.",2017,4604,0,1.0,Nioh: Complete Edition,"11,109","2,928",0.775,884,"1,601","10,649"
487770,58,5.99,Wizard Games Inc,2016,1746,0,0.0,Hoops VR,46,12,0.7071999999999999,,,
489940,8,19.99,Square Enix,2019,1678,0,1.0,BATTALION 1944,"8,831","4,808",0.6391,877,"2,974","16,771"
496790,8,9.99,"What Up Games, LLC",2018,1746,0,0.0,Nothin' But Net,4,1,0.6251,,,
502720,33,4.99,Schmidt Workshops,2018,1755,0,0.0,Star Explorers,28,9,0.6709,,,
506610,65,7.99,Scott Cawthon,2016,3978,5,1.0,Five Nights at Freddy's: Sister Location,"4,842",503,0.8753,11,44,"3,549"
513650,8,0.0,IDC/Games,2016,1774,0,0.0,Zula Europe,"4,864","2,362",0.6612,349,"1,158","4,045"
513710,69,24.99,Devolver Digital,2018,4667,0,0.0,SCUM,"18,402","9,448",0.6534,"2,584","4,804","68,322"
514900,21,29.99,Aspyr,2017,4115,0,0.0,Observer,"2,740",638,0.7842,20,58,953
517630,70,59.99,Square Enix,2018,1774,0,1.0,Just Cause 4,"2,858","4,305",0.406,469,872,"9,571"
518790,8,19.99,Avalanche Studios,2017,1774,0,1.0,theHunter™: Call of the Wild,"18,679","4,734",0.7834,"1,884","3,789","5,524"
520940,8,39.99,THQ Nordic,2018,198913,0,0.0,MX vs ATV All Out,260,152,0.6097,14,36,308
521580,8,2.99,DNVA,2016,1770,0,0.0,Where are my Internets?,49,18,0.6664,,,
528110,28,3.99,Mana Games,2009,5914,0,0.0,Tennis Elbow Manager,21,7,0.6593000000000001,2,8,27
530620,46,0.0,"CAPCOM Co., Ltd.",2016,3978,7,0.0,Resident Evil 7 / Biohazard 7 Teaser: Beginning Hour,"3,417",485,0.8445,6,12,"3,910"
535700,41,9.99,rokapublish,2016,1770,0,0.0,3D Chess,35,21,0.588,2,3,56
537630,8,9.99,Barkers Crest Studio LLC,2018,7038,0,0.0,Tee Time Golf,50,4,0.7984,1,6,16
537630,8,9.99,Barkers Crest Studio LLC,2018,7038,0,0.0,Tee Time Golf,50,4,0.7984,1,6,16
550650,72,0.0,NS STUDIO,2019,1774,0,0.0,Black Squad,"37,099","11,936",0.7465999999999999,"2,574","4,865","15,939"
550650,72,0.0,NS STUDIO,2019,1678,0,0.0,Black Squad,"37,099","11,936",0.7465999999999999,"2,574","4,865","15,939"
550840,28,4.99,LOVIGAME,2016,4667,0,1.0,Fresh Body,905,202,0.779,14,16,175
552500,71,29.99,Fatshark,2018,4604,0,0.0,Warhammer: Vermintide 2,"25,653","7,572",0.7603,"1,522","3,809","73,316"
552990,8,0.0,Wargaming Group Limited,2017,1678,0,0.0,World of Warships,"13,244","4,445",0.7356,"4,323","7,071","9,440"
555440,56,14.99,Behaviour Digital Inc.,2018,4667,0,0.0,Deathgarden: BLOODHARVEST,"7,762","2,828",0.7186,253,587,"9,305"
571740,8,8.99,Perfuse Entertainment,2017,7038,0,1.0,Golf It!,"4,796",832,0.826,250,834,"2,438"
582160,70,59.99,Ubisoft,2017,4667,2,1.0,Assassin's Creed Origins,"33,493","6,188",0.8299,"1,183","2,102","41,551"
587650,8,0.0,marnamai,2017,4667,6,0.0,Half-Life 2: DownFall,"1,578",77,0.9048,2,10,56
588750,54,6.99,WildLabs,2017,123332,0,0.0,King Of Dirt,12,11,0.5134000000000001,,,
590950,8,1.99,SnoutUp,2018,4726,0,0.0,Toaster Jam,34,2,0.7946,,,
594650,6,29.99,Crytek,2018,3978,0,0.0,Hunt: Showdown,"26,218","8,171",0.7511,"1,409","3,541","14,136"
596650,71,0.0,Panoramik inc,2017,6815,0,0.0,Tap Adventure: Time Travel,516,252,0.6486,32,40,"2,933"
599460,8,6.99,INDIECN,2017,3964,0,1.0,Weapon Shop Fantasy,918,221,0.7692,48,88,"1,607"
601430,8,59.99,Bethesda Softworks,2017,3978,0,0.0,The Evil Within 2,"9,306",829,0.8922,139,232,"9,918"
602960,32,25.49,Daedalic Entertainment,2019,4667,0,0.0,Barotrauma,"1,156",236,0.7931,109,238,"1,703"
603700,31,14.99,XGen Studios,2017,6815,0,0.0,The Low Road,92,25,0.7182,1,2,19
610310,70,14.99,EvilCoGames,2017,6815,0,0.0,Star Story: The Horizon Escape,126,22,0.7734000000000001,,,
619930,8,2.44,Grey Alien Games,2017,4726,0,0.0,Spring Bonus,12,1,0.7319,,,
626610,8,39.99,Bigben Interactive,2018,198913,0,1.0,TT Isle of Man,530,227,0.6729,10,44,468
636070,24,0.79,Mass Creation,2018,4604,0,0.0,Corridor Z,9,2,0.6676000000000001,,,
636070,24,0.79,Mass Creation,2018,4667,0,0.0,Corridor Z,9,2,0.6676000000000001,,,
640820,70,39.99,Deep Silver,2018,4345,0,0.0,Pathfinder: Kingmaker,"7,535","2,652",0.7248,"2,230","4,487","22,643"
641080,8,24.99,Ubisoft,2019,123332,0,1.0,Trials Rising,555,424,0.5585,47,137,"1,760"
643590,8,20.99,WISECAT,2017,7038,0,0.0,Everyday Golf VR,20,14,0.5579999999999999,,,
647960,8,4.99,Corroding Games,2017,3964,0,1.0,Rusted Warfare - RTS,629,27,0.8937999999999999,27,40,86
661790,81,7.59,Andrii Vintsevych,2018,3978,0,1.0,Witch Hunt,804,102,0.8375,3,12,96
661940,8,4.99,Powerhoof,2018,1746,0,0.0,Regular Human Basketball,115,7,0.8387,,,
663370,8,2.99,Ploosh GmbH,2017,4726,0,0.0,The Zwuggels - Beach Holidays,35,1,0.813,,,
663390,8,4.99,LAN - GAMES LTD,2017,1770,0,1.0,Rento Fortune - Multiplayer Board Game,709,675,0.5109,123,384,"3,485"
668430,8,19.99,VertexBreakers,2018,198913,0,0.0,V-Racer Hoverbike,120,13,0.8101999999999999,3,7,12
668840,16,10.39,Mercury Aerospace Industries,2018,4345,0,0.0,Dead Moon - Revenge on Phobos,7,7,0.5,,,
670290,8,0.0,ThankGame.com,2017,17927,0,0.0,Real Pool 3D - Poolians,821,272,0.7206,40,92,491
679990,84,0.0,Future Games Select,2017,4667,6,0.0,Half-Life: C.A.G.E.D.,"1,646",153,0.8715,5,8,275
691630,54,7.99,Satur Entertainment,2017,1755,0,0.0,STELLATUM,92,41,0.6478,,,
693960,8,14.99,Horus Games,2019,198913,0,0.0,Just Ride,65,25,0.6651,4,7,23
711540,8,0.0,0,2019,123332,0,0.0,,,,,,,
718590,71,19.99,The Arcade Crew,2019,4604,0,1.0,Dark Devotion,524,152,0.7365,18,59,512
719720,10,0.0,upjers,2018,1681,0,0.0,League of Pirates,23,25,0.48560000000000003,,,
726590,36,29.99,2K,2018,1746,0,0.0,NBA 2K Playgrounds 2,231,97,0.6686,19,53,235
744900,23,0.0,Creaky Corpse Ltd,2019,4345,0,0.0,Dead Frontier 2,"4,897","2,349",0.6637000000000001,44,84,"10,101"
744900,23,0.0,Creaky Corpse Ltd,2019,3978,0,0.0,Dead Frontier 2,"4,897","2,349",0.6637000000000001,44,84,"10,101"
747250,23,0.0,Chuck Wilson,2012,4667,6,0.0,Half-Life 2: Year Long Alarm,364,27,0.8595,,,
755500,8,59.99,BANDAI NAMCO Entertainment,2019,1681,0,1.0,ONE PIECE World Seeker,295,196,0.5852,49,54,"1,233"
760630,8,29.99,Mana Games,2019,5914,0,0.0,Tennis Elbow Manager 2,32,2,0.7898999999999999,25,71,90
774171,8,2.99,X.D. Network Inc.,2019,4726,0,1.0,Muse Dash,"5,444",96,0.9466,629,"1,013","2,853"
779430,28,24.99,Whippering,2018,5914,0,0.0,Full Ace Tennis Simulator,98,16,0.7734000000000001,1,16,52
802320,74,14.99,Appnori Inc.,2018,5914,0,0.0,Tennis Kings VR,1,2,0.44310000000000005,,,
812140,8,59.99,Ubisoft,2018,4667,2,1.0,Assassin's Creed Odyssey,"27,458","5,034",0.8299,"8,113","14,139","62,069"
812440,15,0.0,0,2019,4667,6,0.0,,,,,,,
814380,56,59.99,Activision (Excluding Japan and Asia),2019,4667,0,1.0,Sekiro™: Shadows Die Twice,"30,500","3,422",0.8819,"2,962","5,004","125,315"
819080,58,4.99,Burning Asphalt Group,2018,123332,0,0.0,Moto Racing 3D,0,3,0.32939999999999997,,,
819630,49,9.99,Namo Gamo,2018,1746,0,0.0,Basketball Classics,38,3,0.7883,,,
831250,43,2.99,Gamesandapps,2018,17927,0,0.0,Maxi Pool Masters VR,7,2,0.6389,,,
834910,8,29.99,Grapeshot Games,2018,1681,0,0.0,ATLAS,"9,458","16,907",0.3653,"1,616","3,666","58,939"
838390,23,0.5,Anatoliy Loginovskikh,2018,4667,0,0.0,Merry Glade,114,2,0.8676,,,
841370,8,59.99,2K,2018,1746,0,0.0,NBA 2K19,"5,606","10,344",0.35950000000000004,"15,553","25,633","29,202"
851940,64,5.99,dev4play,2018,198913,0,0.0,Dirt Bike Insanity,3,5,0.4395,,,
858210,8,12.74,Pixeljam,2019,1755,0,0.0,Nova Drift,537,4,0.9186,34,65,251
865090,8,0.59,Oppai Reveal Studios,2018,5611,0,1.0,AHEGAL,539,68,0.8316,1,4,149
865090,8,0.59,Oppai Reveal Studios,2018,5611,0,1.0,AHEGAL,539,68,0.8316,1,4,149
877180,8,0.99,Right Games,2018,4726,0,0.0,Candy,3,0,0.6706,,,
880470,28,24.99,Umix Studios,2018,1746,0,0.0,Pro Basketball Manager 2019,17,13,0.5429999999999999,1,8,24
883710,70,59.99,"CAPCOM Co., Ltd.",2019,3978,7,1.0,RESIDENT EVIL 2 / BIOHAZARD RE:2,"29,040","1,167",0.9407,802,"1,232","74,227"
890970,17,2.99,Breaking Dimensions,2018,3978,0,0.0,Oakwood,72,18,0.7228,,,
894940,70,14.99,SmashGames,2019,3964,0,0.0,Littlewood,333,8,0.8943000000000001,38,92,387
906870,48,0.0,Demibug,2019,6815,0,0.0,FurryFury,3,0,0.6706,23,23,23
911400,8,39.99,Ubisoft Entertainment,2019,4667,2,1.0,Assassin's Creed III Remastered,642,"1,224",0.3602,116,184,"3,561"
948630,8,0.59,LeonWaan Games,2018,5611,0,1.0,Hentai MineSweeper,504,84,0.8048000000000001,7,13,54
951740,8,6.99,PolyGryph Studios,2018,7038,0,0.0,Nice Shot! The Gun Golfing Game,32,3,0.7734000000000001,,,
958260,8,0.0,"KOEI TECMO GAMES CO., LTD.",2019,5611,0,0.0,DEAD OR ALIVE Xtreme Venus Vacation,"2,126",995,0.6651,"1,253","2,358","7,352"
961440,32,0.0,"CAPCOM Co., Ltd.",2019,3978,7,0.0,,,,,,,
967050,51,4.99,SKH Apps,2019,3978,0,1.0,Pacify,"2,585",341,0.8488,44,143,455
1049660,8,0.0,pg5-Studio,2019,3964,0,0.0,stein.world,131,96,0.5621,3,19,270
1054580,8,0.0,XiMiGua,2019,4726,0,0.0,,,,,,,
1057720,33,0.0,Breda University of Applied Sciences,2019,3978,0,0.0,Shattered Lights,95,6,0.8311,,,
1070040,8,3.99,LeonWaan Games,2019,5611,0,0.0,,,,,,,
1072610,8,14.99,FistikTech,2019,4726,0,0.0,,,,,,,
1079420,28,9.99,Kimble Games,2019,198913,0,0.0,Wheelie King VR,1,2,0.44310000000000005,,,
1089350,61,59.99,0,2019,1746,0,0.0,,,,,,,
1096010,8,0.99,LeonWaan Games,2019,5611,0,0.0,Hentai Sudoku,25,11,0.6289,,,
